Price,Date,Postcode,Property Type,New built indicator,Tenure Type
947476,2024-02-12,PR,F,Y,F
910607,2024-07-30,SY,D,N,L
856221,2024-08-10,EN,F,N,L
1082000,2024-09-05,WC,F,N,L
1180728,2024-10-19,SR,F,Y,F
1725938,2024-11-03,SY,F,Y,F
790340,2024-07-22,PO,F,N,F
369285,2024-02-23,AL,S,N,L
808686,2024-05-18,CM,F,Y,L
908477,2024-07-04,MK,T,Y,F
1500705,2024-06-21,DT,F,Y,F
852763,2024-05-06,CV,F,Y,F
1619818,2024-04-06,TW,S,N,F
1185008,2024-04-13,EC,T,Y,F
1700870,2024-02-13,WF,D,Y,L
431742,2024-05-20,LE,T,N,F
1520706,2024-10-25,TR,S,N,L
387944,2024-12-30,BN,T,N,L
639019,2024-02-22,TF,D,Y,L
1626614,2024-07-07,TD,S,N,L
976972,2024-01-15,DT,T,N,L
1791933,2024-01-15,DG,T,Y,F
1136372,2024-06-05,EC,F,N,L
131270,2024-03-28,LS,D,Y,F
223793,2024-07-31,L,S,N,L
546212,2024-12-12,DG,S,Y,L
1943954,2024-07-05,HS,F,N,L
380832,2024-05-16,NW,S,Y,L
1661718,2024-05-18,BL,T,Y,F
1891736,2024-03-29,DA,S,N,F
1919542,2024-04-04,DE,S,Y,F
293874,2024-02-04,EH,F,Y,L
1125320,2024-03-26,GU,T,Y,L
219312,2024-10-08,TW,T,Y,L
1251282,2024-05-11,AB,S,Y,L
347356,2024-09-27,DH,D,N,L
826913,2024-11-18,DT,T,N,F
1110677,2024-09-11,DA,D,N,L
110148,2024-12-13,PH,F,Y,F
1409754,2024-04-10,SN,T,Y,F
587805,2024-07-21,SN,F,N,L
240666,2024-05-31,WC,S,Y,L
955424,2024-01-23,TA,T,Y,L
1021810,2024-06-04,CT,S,Y,L
955685,2024-06-30,DA,T,Y,F
996929,2024-12-07,RM,D,Y,L
1534121,2024-01-19,RM,D,Y,F
1658080,2024-03-30,PR,S,Y,F
1368067,2024-07-14,NR,D,Y,L
172004,2024-04-18,DD,F,N,L
1250416,2024-01-01,S,F,N,F
781681,2024-05-21,SP,D,N,L
1063550,2024-08-27,RH,D,Y,L
958775,2024-12-13,SK,S,Y,F
1122141,2024-05-02,HU,F,N,F
1099854,2024-07-29,CF,F,N,L
1980674,2024-02-28,KA,D,Y,L
130108,2024-11-11,BN,D,N,L
499726,2024-01-09,CT,S,Y,L
1819734,2024-08-08,G,D,Y,L
205593,2024-12-30,CM,T,N,L
1347318,2024-05-22,TW,F,N,L
1810787,2024-02-29,PA,F,Y,F
1743543,2024-04-11,NR,T,N,L
476894,2024-02-05,KT,D,N,L
1229621,2024-07-07,NE,T,N,F
403149,2024-03-31,DT,D,N,L
909436,2024-02-18,SO,D,N,F
862419,2024-05-28,SK,T,N,L
262445,2024-09-17,L,F,N,L
268886,2024-08-31,KY,F,N,L
996410,2024-01-02,B,S,Y,L
1228009,2024-09-03,TN,T,N,F
1295193,2024-06-05,RM,F,Y,L
1840986,2024-12-19,EH,D,N,L
794313,2024-08-07,SN,T,Y,F
1417837,2024-10-25,BR,D,Y,L
868761,2024-05-08,CV,T,Y,F
613424,2024-01-06,HA,D,Y,F
1810134,2024-02-25,DH,T,Y,F
150260,2024-10-12,SW,S,N,F
1755522,2024-10-11,YO,F,N,F
240325,2024-11-01,BT,D,N,F
366007,2024-08-05,TD,S,Y,L
1138731,2024-12-04,TS,F,Y,L
274049,2024-09-18,PH,D,N,F
1752439,2024-01-02,YO,F,Y,F
625477,2024-04-06,SO,F,N,F
1094989,2024-09-24,SK,F,N,F
1168878,2024-04-14,TF,S,Y,F
332633,2024-01-27,WC,D,Y,F
308915,2024-02-07,LD,D,N,F
1119285,2024-04-12,CO,F,N,F
1641564,2024-10-04,TR,T,Y,F
319578,2024-10-08,OX,F,Y,L
1259065,2024-12-09,IM,T,N,L
279942,2024-08-18,M,S,Y,F
1245984,2024-09-08,SK,D,Y,L
136898,2024-02-09,N,T,Y,F
1753923,2024-09-25,KT,F,Y,L
219848,2024-05-01,DD,S,N,F
1386755,2024-02-03,JE,T,N,F
589142,2024-11-28,IM,S,Y,F
494338,2024-06-12,TR,T,N,F
1814804,2024-05-19,HG,F,Y,F
1863482,2024-04-11,SA,S,Y,F
850164,2024-03-17,DG,D,Y,L
955292,2024-06-15,WS,S,Y,F
295980,2024-11-11,G,S,N,L
1169240,2024-06-12,SP,S,N,L
632622,2024-11-08,YO,T,Y,F
960545,2024-06-15,ST,S,Y,L
1680420,2024-01-18,KY,S,N,F
948862,2024-05-08,E,D,Y,L
1282629,2024-08-02,ST,T,N,L
711865,2024-11-11,PH,D,Y,F
1138035,2024-06-04,SG,F,Y,F
140701,2024-11-11,DY,D,N,F
1776768,2024-12-24,KW,F,Y,L
952611,2024-01-02,OX,T,N,F
507311,2024-05-15,ML,T,Y,F
766033,2024-05-27,RM,F,N,F
1280441,2024-12-15,CA,D,N,L
1574543,2024-09-04,WN,D,Y,L
413200,2024-06-17,GY,T,N,F
1830395,2024-12-18,CH,F,N,F
649947,2024-03-29,TQ,T,Y,F
1331899,2024-05-12,OX,F,Y,L
332927,2024-07-08,IG,F,N,L
596451,2024-12-11,ST,F,Y,F
1336981,2024-10-15,GY,F,Y,F
1887580,2024-11-27,DT,F,N,F
401002,2024-07-19,OX,S,N,L
509846,2024-04-15,BD,D,Y,L
505109,2024-12-07,CO,S,N,F
1838855,2024-11-13,FY,S,N,L
497195,2024-10-18,BB,F,Y,L
1039956,2024-05-07,FY,F,Y,L
529816,2024-10-06,HR,F,Y,L
1727316,2024-07-22,TS,T,Y,F
1295017,2024-12-26,WC,S,Y,F
1378150,2024-11-18,CO,F,N,L
1682943,2024-05-23,WD,T,N,F
1022168,2024-05-31,SM,T,Y,F
1599311,2024-09-02,MK,T,Y,F
1019924,2024-11-13,CT,F,Y,F
1360427,2024-06-15,IP,S,Y,L
1671800,2024-05-04,SY,S,Y,F
1197765,2024-08-01,IM,T,N,F
1107603,2024-05-23,RG,T,Y,F
1934963,2024-12-05,LN,S,N,L
180781,2024-12-21,LE,S,N,L
1680921,2024-10-06,LD,T,N,F
628927,2024-01-30,TS,S,N,F
1420482,2024-04-15,SO,S,Y,F
807993,2024-06-15,WA,S,Y,L
443269,2024-10-24,SN,D,Y,F
1431048,2024-09-13,OX,F,Y,L
1078434,2024-08-12,NW,T,Y,L
560275,2024-12-22,TA,F,N,F
1987363,2024-03-25,E,D,Y,F
493549,2024-11-11,DL,D,N,F
431936,2024-10-06,KT,F,N,F
186704,2024-04-11,WN,D,N,L
1842651,2024-08-05,LN,D,N,F
893735,2024-02-28,TN,T,N,L
1007745,2024-03-02,LL,T,N,L
560674,2024-01-10,BH,S,Y,L
613700,2024-07-02,CM,D,Y,F
1185681,2024-09-13,CB,T,N,L
323838,2024-11-13,CO,F,Y,L
1707686,2024-08-20,SK,T,Y,F
921000,2024-04-08,DG,S,N,F
1233868,2024-11-17,PH,T,Y,L
244552,2024-01-06,GU,F,Y,F
772016,2024-06-15,HX,D,N,L
761599,2024-09-19,BT,D,N,L
442689,2024-09-28,UB,S,N,L
1411728,2024-01-08,BL,D,Y,F
1946513,2024-05-22,GY,T,N,F
1370960,2024-03-21,WV,T,Y,L
1490784,2024-05-19,CV,F,N,L
174776,2024-01-04,TA,S,N,L
571450,2024-01-15,SG,F,Y,L
1550125,2024-09-14,PL,S,N,L
796163,2024-05-22,TS,F,N,F
944439,2024-08-26,DD,T,N,F
1044387,2024-12-12,HS,D,Y,L
843984,2024-10-10,BR,D,Y,F
294700,2024-10-07,SK,T,Y,L
1281447,2024-01-08,HG,F,Y,L
1765704,2024-03-20,JE,D,Y,F
384555,2024-09-04,OL,F,N,L
397391,2024-08-14,KW,T,Y,L
128248,2024-09-18,S,D,N,F
1407027,2024-07-28,CT,T,Y,L
1262955,2024-09-09,SG,T,N,F
1410704,2024-03-24,WR,F,N,L
714236,2024-12-31,KW,T,N,F
639148,2024-08-30,KW,T,N,F
1003528,2024-04-06,BN,S,N,F
1590183,2024-04-20,L,T,Y,F
915388,2024-05-07,EX,T,Y,L
217844,2024-11-23,TF,S,Y,F
301559,2024-12-31,NW,F,N,F
1568504,2024-12-28,TS,T,N,L
525177,2024-02-10,PA,D,N,F
324593,2024-02-12,WR,T,N,F
144538,2024-03-03,SO,T,N,F
780962,2024-03-28,RM,F,Y,L
961386,2024-08-08,TN,F,Y,L
1658920,2024-09-24,DG,D,Y,F
1040736,2024-02-25,BB,F,Y,L
739292,2024-08-14,HU,S,N,L
540786,2024-05-09,SE,F,Y,L
682273,2024-04-10,JE,S,Y,L
495611,2024-04-28,SY,S,N,F
198521,2024-07-03,IV,T,Y,F
776482,2024-05-09,GU,D,N,F
1258057,2024-11-22,KT,F,N,L
1941533,2024-01-06,B,S,N,F
617279,2024-06-03,TW,D,N,F
1511737,2024-10-31,SN,T,N,F
1098740,2024-12-11,N,F,N,F
1286031,2024-05-23,DN,T,Y,F
1832797,2024-08-16,WS,T,Y,F
690627,2024-01-15,HD,D,N,L
836268,2024-01-27,SR,F,N,F
1964093,2024-12-03,GY,F,Y,F
444279,2024-08-13,BH,S,Y,L
704148,2024-07-14,WD,F,N,L
1412108,2024-05-01,EN,F,Y,F
557333,2024-10-19,EN,D,Y,L
262839,2024-11-18,TS,D,Y,L
677097,2024-06-21,L,D,N,L
826179,2024-01-18,BB,D,N,F
1932259,2024-01-31,L,S,Y,L
105365,2024-04-16,GU,T,N,F
627006,2024-10-02,BN,T,N,F
1233490,2024-09-23,SY,T,N,F
1255549,2024-03-19,EC,S,N,F
1725427,2024-09-29,CR,T,N,L
516640,2024-12-27,DH,T,N,F
832152,2024-01-04,HD,T,N,F
1748109,2024-01-26,SW,D,N,L
1080838,2024-10-06,BR,F,N,L
999592,2024-09-07,ZE,F,N,L
1655827,2024-09-24,DL,D,N,L
575037,2024-05-07,CM,T,Y,F
1586975,2024-01-18,CM,S,N,L
777743,2024-07-09,ME,T,N,L
1014019,2024-12-26,LU,F,Y,F
444611,2024-07-21,SM,D,N,F
1353764,2024-05-03,HA,F,N,L
1449355,2024-08-31,NG,D,N,L
1892248,2024-07-05,BA,F,N,F
1841505,2024-05-05,KY,T,N,F
1554048,2024-01-17,ML,S,N,L
1914849,2024-02-02,G,D,Y,F
1315499,2024-01-24,KT,F,N,L
1115610,2024-11-20,PL,S,N,L
822471,2024-06-18,NE,D,Y,L
232474,2024-07-27,OX,D,N,F
283447,2024-11-28,DL,T,N,F
1795000,2024-08-21,NE,F,N,L
1214757,2024-09-09,TF,D,N,F
1965623,2024-11-25,DL,D,Y,L
108425,2024-01-26,RH,D,N,F
1994666,2024-10-11,CA,S,Y,F
719183,2024-06-07,CF,F,N,L
182256,2024-06-13,SM,S,N,F
1501326,2024-04-30,PO,D,Y,L
674276,2024-09-15,HP,S,N,F
657595,2024-03-25,RH,D,Y,L
913525,2024-06-09,DN,F,Y,L
1583217,2024-10-11,DH,F,N,L
263525,2024-08-02,PO,D,N,F
1247195,2024-01-25,KY,S,Y,F
598901,2024-10-21,NE,F,Y,L
1106577,2024-11-11,BT,D,Y,F
948690,2024-08-31,FK,S,Y,L
374406,2024-03-31,NW,D,N,L
1024973,2024-07-14,DH,D,Y,F
1736783,2024-08-04,RM,T,Y,F
1497344,2024-09-18,FK,F,Y,F
1559437,2024-10-28,LS,S,Y,F
253497,2024-03-11,AL,D,N,L
836231,2024-12-01,SL,T,Y,F
494616,2024-02-04,GL,T,N,F
1899219,2024-12-10,GU,T,N,F
696147,2024-07-12,RM,S,Y,F
1095296,2024-04-19,PR,F,Y,F
1175157,2024-11-25,YO,F,Y,L
1467684,2024-09-14,SO,S,Y,L
1325180,2024-08-12,CB,T,Y,F
1416389,2024-07-26,HP,F,Y,F
383862,2024-08-26,TW,F,N,L
653362,2024-08-20,CO,S,N,L
1754920,2024-11-13,NE,F,Y,L
439421,2024-01-10,EN,S,Y,L
1382041,2024-09-12,SO,S,N,F
1980562,2024-08-31,EC,S,N,F
160162,2024-03-07,WA,D,N,F
1570599,2024-09-08,LD,S,Y,F
495668,2024-01-15,HU,F,Y,L
1343960,2024-08-06,PR,F,N,L
187089,2024-01-08,BR,T,N,L
1919979,2024-11-04,TA,T,Y,L
1015975,2024-05-21,EX,F,N,F
1311234,2024-07-27,CO,T,Y,F
284235,2024-12-26,WV,T,N,L
930569,2024-10-15,NR,D,Y,L
211760,2024-05-30,SM,S,Y,F
317328,2024-06-29,BN,F,Y,F
548618,2024-04-12,PE,S,N,L
1417982,2024-10-08,LD,F,Y,F
1208981,2024-02-06,SW,D,N,L
549338,2024-01-06,ML,D,Y,L
1723583,2024-01-13,TR,F,Y,F
643735,2024-11-28,RM,S,Y,L
1870476,2024-08-31,SG,F,Y,F
1138088,2024-01-17,PL,D,Y,F
1335347,2024-12-27,IM,T,N,L
1869967,2024-01-19,HS,S,N,F
150196,2024-03-28,IM,D,Y,F
1055168,2024-12-08,WS,T,N,F
810544,2024-02-06,NE,S,N,F
820583,2024-11-25,AL,F,Y,F
1132156,2024-07-12,ZE,T,N,F
1755337,2024-12-04,KW,F,N,F
1375370,2024-01-30,WD,F,Y,F
403939,2024-12-04,M,S,Y,F
373054,2024-07-07,SG,D,N,F
102576,2024-06-01,DA,D,Y,L
1136073,2024-11-08,TW,D,N,F
1059074,2024-05-07,PH,T,N,F
754309,2024-11-19,SM,T,Y,L
927178,2024-11-30,YO,S,Y,F
520956,2024-05-01,BL,S,N,L
974209,2024-03-29,WS,T,N,L
534375,2024-04-01,LU,T,N,F
1763442,2024-01-12,M,S,N,L
643877,2024-03-17,RM,S,Y,L
1926744,2024-10-23,DN,S,Y,F
671135,2024-04-28,NR,F,N,L
329541,2024-07-11,HR,T,N,F
1807013,2024-10-05,FK,F,Y,F
116997,2024-03-01,RG,F,N,F
318984,2024-10-09,HU,T,Y,F
1528277,2024-06-19,NR,T,Y,L
246625,2024-04-16,L,F,Y,L
812558,2024-03-19,IP,S,N,F
1106115,2024-11-02,BA,S,Y,L
1659218,2024-07-04,CB,T,Y,F
205725,2024-06-23,CR,F,N,L
1171819,2024-10-02,WN,T,N,F
315836,2024-01-03,BH,S,N,L
1977436,2024-04-16,WD,S,Y,L
1696153,2024-04-24,AB,F,N,L
355605,2024-12-16,TW,F,N,L
286089,2024-08-28,GY,D,Y,L
1095846,2024-12-24,LE,T,N,F
1877524,2024-06-11,BD,D,Y,L
437669,2024-01-23,NE,S,Y,F
1937476,2024-04-11,LS,F,Y,F
908336,2024-09-23,HR,T,Y,F
1544285,2024-03-11,CO,T,Y,F
1399334,2024-04-09,CW,D,N,L
373385,2024-09-22,CB,S,Y,F
1804372,2024-05-23,LS,D,Y,F
710478,2024-04-30,BR,D,N,F
1806056,2024-11-10,CO,S,N,L
1822058,2024-01-18,TA,T,N,F
1250434,2024-07-19,DY,S,N,L
788454,2024-12-11,WS,S,Y,F
104649,2024-12-05,DH,D,Y,F
1787838,2024-01-25,SY,F,Y,F
207582,2024-10-08,CB,F,N,F
1535100,2024-07-09,TR,F,Y,F
311930,2024-04-12,SP,F,Y,L
1782433,2024-03-29,YO,S,Y,L
1520663,2024-01-10,LN,T,Y,L
171220,2024-12-14,CA,T,Y,F
212846,2024-12-18,KT,F,N,F
1765860,2024-08-17,GL,F,N,F
1269282,2024-03-09,WR,F,Y,L
539692,2024-01-07,PA,S,Y,L
930853,2024-06-25,BR,T,Y,F
1151069,2024-07-16,WD,S,Y,F
1085980,2024-04-28,LU,T,N,F
871937,2024-01-11,IM,T,Y,F
684769,2024-08-02,M,D,Y,F
1389005,2024-07-13,WN,T,N,F
374903,2024-10-25,KY,F,N,F
1697210,2024-05-11,WD,D,N,F
1926825,2024-06-05,PO,F,N,L
1218731,2024-03-06,SW,T,Y,L
1122100,2024-05-23,WN,D,Y,F
869251,2024-11-17,DN,T,Y,F
1491918,2024-08-21,SL,F,Y,F
1656750,2024-08-06,CA,T,N,L
191133,2024-02-13,PR,S,N,L
1907654,2024-12-18,WF,F,Y,L
1986052,2024-08-09,WV,D,Y,F
1145036,2024-09-13,GL,F,N,L
925126,2024-11-15,PL,S,N,L
859213,2024-01-20,UB,S,Y,F
1518989,2024-08-24,BD,T,N,L
779416,2024-06-04,SW,D,Y,L
920790,2024-10-12,LL,F,Y,L
757506,2024-12-03,BN,T,Y,L
745206,2024-04-26,CF,S,N,L
1246654,2024-11-27,DA,F,Y,F
439842,2024-01-18,SS,T,N,L
871191,2024-02-27,ZE,F,N,L
706304,2024-04-20,BD,F,N,F
476803,2024-11-30,KW,T,Y,F
1885100,2024-03-18,L,S,Y,L
1431872,2024-03-03,CO,T,Y,L
1735121,2024-05-14,WF,T,N,L
480773,2024-12-07,LL,T,Y,L
623653,2024-03-06,G,D,Y,F
1727467,2024-02-17,SE,T,N,F
878973,2024-09-18,PO,F,N,L
1523143,2024-01-14,W,F,N,L
996274,2024-10-27,LS,D,N,L
480678,2024-04-04,LS,T,Y,F
1978815,2024-11-02,PA,F,Y,L
1461306,2024-05-30,WN,T,Y,L
717694,2024-02-15,IM,F,N,F
409607,2024-01-06,NG,S,N,L
1811626,2024-09-10,CW,D,N,F
1308242,2024-01-31,DE,D,Y,F
709222,2024-06-21,BD,S,Y,L
621625,2024-12-13,NE,T,Y,L
1375090,2024-08-22,CF,D,Y,F
407215,2024-06-30,DY,D,Y,L
673623,2024-11-28,EN,T,Y,F
371357,2024-04-20,PR,T,Y,F
252241,2024-03-14,CT,T,Y,L
1086265,2024-05-10,TW,F,N,F
1122524,2024-10-26,PL,F,N,L
105282,2024-04-24,WS,F,Y,F
1090434,2024-02-28,TN,F,N,L
1898103,2024-02-13,W,D,N,L
403806,2024-04-16,LA,D,Y,F
1390430,2024-06-21,BS,S,N,L
266593,2024-03-27,OL,D,Y,F
1697713,2024-09-02,SL,S,Y,L
888110,2024-03-01,NP,D,Y,L
1171917,2024-09-18,BD,S,Y,L
1834350,2024-05-24,PH,S,N,F
613911,2024-08-21,LS,F,Y,F
1190457,2024-04-19,RG,T,Y,F
1625192,2024-08-08,KW,D,Y,F
1879160,2024-01-31,UB,F,Y,F
1885603,2024-06-21,WC,S,N,L
133644,2024-03-21,E,T,Y,F
690251,2024-07-07,OX,T,N,F
975211,2024-05-23,BN,S,Y,L
1670720,2024-03-15,SP,T,N,F
651519,2024-04-29,ME,S,Y,L
1632661,2024-08-22,AL,T,Y,F
1878535,2024-03-25,SK,D,N,F
1005558,2024-10-11,DL,T,N,F
403785,2024-11-15,LE,T,Y,L
482957,2024-02-06,SG,F,Y,L
359820,2024-05-12,HX,S,N,L
609187,2024-06-30,DD,D,Y,F
295697,2024-11-24,LL,S,Y,F
1186773,2024-07-13,DT,F,Y,L
1864554,2024-01-11,L,S,Y,F
1354596,2024-05-05,PO,F,Y,F
1078931,2024-05-26,CH,T,N,F
289499,2024-04-13,RM,D,Y,L
995198,2024-12-04,DT,F,Y,F
1539691,2024-12-20,EC,S,Y,F
487824,2024-06-13,M,T,Y,F
751785,2024-05-18,NN,F,N,L
1305565,2024-09-06,WN,S,Y,F
732023,2024-06-07,WC,F,N,L
619853,2024-11-06,SO,D,Y,F
309201,2024-05-21,WD,T,Y,L
1790773,2024-07-03,BN,S,Y,L
1746350,2024-03-05,DD,T,N,L
228478,2024-09-21,CW,D,Y,F
866834,2024-03-02,DH,T,Y,L
557464,2024-01-26,TQ,T,N,F
583331,2024-03-08,BS,D,Y,L
1713989,2024-09-19,GU,F,N,F
886401,2024-03-16,PR,D,N,F
1281515,2024-02-18,IM,T,N,F
1088279,2024-11-17,HX,D,Y,L
1333879,2024-05-16,LS,D,Y,L
431059,2024-02-29,WC,T,N,F
1023984,2024-02-03,WV,D,Y,F
804485,2024-01-26,IV,D,Y,L
1310514,2024-07-19,PO,F,Y,F
1745674,2024-07-12,FK,D,Y,F
1725875,2024-09-12,RG,D,N,F
1247888,2024-02-04,RM,F,N,F
345798,2024-04-26,EH,T,N,L
552745,2024-03-19,LA,D,N,L
467214,2024-04-21,PL,T,N,L
1817206,2024-07-24,YO,D,Y,L
1616069,2024-10-11,DA,F,Y,L
1262988,2024-04-19,ME,S,Y,L
1530806,2024-06-10,KW,S,N,F
1718886,2024-04-04,WV,T,Y,L
697557,2024-09-21,LU,F,N,F
195076,2024-01-25,ME,D,N,L
1465606,2024-12-21,SP,D,N,L
1073337,2024-11-13,OL,F,N,F
1477198,2024-08-03,ZE,D,N,F
145113,2024-01-14,WV,D,Y,F
1115853,2024-07-28,EN,D,Y,L
1484632,2024-08-30,TS,D,Y,F
1743526,2024-02-28,E,F,N,F
1907811,2024-06-09,ME,T,N,F
382513,2024-06-02,PE,D,Y,F
1510063,2024-01-19,TD,S,Y,F
354636,2024-04-14,CR,S,Y,L
721968,2024-01-18,WS,D,N,L
1050722,2024-04-19,SO,S,Y,L
1298260,2024-07-04,HG,F,N,F
216814,2024-04-07,BR,D,Y,L
219915,2024-06-03,DG,D,Y,L
1035357,2024-11-08,B,D,Y,F
1601180,2024-09-01,SY,F,Y,L
1211948,2024-02-14,CR,T,Y,L
1924958,2024-09-21,CO,S,Y,L
1810452,2024-11-19,EC,D,N,F
1500220,2024-03-27,BN,D,N,L
1307390,2024-02-05,KT,S,N,L
624907,2024-10-03,HS,T,N,L
410855,2024-03-28,CA,F,Y,L
372512,2024-12-02,SS,D,Y,L
485638,2024-02-13,NW,S,Y,F
1423508,2024-01-12,AL,T,Y,L
648412,2024-10-21,CO,D,Y,F
617533,2024-11-08,TF,S,N,F
1179979,2024-01-13,SS,S,Y,L
1837322,2024-11-09,DD,F,Y,L
1132826,2024-11-04,GL,F,N,F
1618113,2024-07-03,DD,T,Y,F
1445395,2024-06-28,KY,F,Y,F
694633,2024-12-18,HS,S,N,F
1042900,2024-09-28,N,F,N,L
1325101,2024-06-10,TD,S,N,L
1334490,2024-06-27,CV,D,Y,F
317532,2024-05-14,IM,T,Y,L
429082,2024-05-23,PE,F,N,L
535106,2024-04-26,OX,S,Y,F
1133593,2024-02-19,SM,D,Y,L
860714,2024-01-21,TD,D,N,F
738221,2024-08-30,TR,F,N,L
543231,2024-02-29,LD,F,N,F
1289788,2024-01-08,ST,T,Y,F
1725830,2024-09-15,BD,T,N,F
1701521,2024-05-07,LD,S,N,F
695137,2024-11-23,SN,T,Y,F
1551754,2024-06-04,CO,T,Y,F
381692,2024-03-20,CR,S,N,L
1265413,2024-06-29,WN,T,Y,L
1532421,2024-12-21,SR,T,N,F
847055,2024-09-02,SM,D,Y,F
268038,2024-10-09,B,F,Y,F
1788472,2024-08-10,NE,D,N,F
378324,2024-11-05,CF,T,Y,L
750975,2024-01-28,TF,S,N,L
435411,2024-06-27,CH,D,Y,F
1287998,2024-02-21,W,F,N,L
746999,2024-11-17,KY,F,Y,L
1616500,2024-09-09,LN,T,Y,L
1814616,2024-02-07,WN,F,Y,F
1564758,2024-10-05,NN,S,N,F
1576349,2024-08-20,SM,F,Y,L
642588,2024-09-03,TQ,F,Y,F
1159915,2024-04-07,IP,D,Y,F
829398,2024-08-25,OX,S,N,F
883028,2024-08-01,WR,T,Y,L
1681138,2024-05-07,WR,D,Y,L
172758,2024-12-30,BB,F,Y,L
540544,2024-03-18,NR,T,Y,L
1662049,2024-01-11,WV,T,N,F
1548630,2024-01-27,DT,D,Y,L
324306,2024-06-13,YO,S,Y,F
877271,2024-08-14,HA,F,N,F
1581038,2024-08-20,RH,F,N,F
297432,2024-05-10,L,S,N,L
1292212,2024-01-01,WR,D,Y,L
1454506,2024-06-04,HX,D,N,L
1367829,2024-10-04,HU,S,Y,L
639598,2024-11-26,TS,D,N,F
963096,2024-03-19,ML,S,Y,L
313124,2024-02-13,CF,S,N,F
857194,2024-02-24,CH,T,Y,L
633244,2024-08-14,SL,F,Y,F
1116458,2024-05-17,W,F,N,L
254493,2024-06-24,WC,T,Y,F
276860,2024-05-04,MK,S,N,L
1368553,2024-06-04,DA,T,N,L
139605,2024-06-25,WD,D,N,F
1352630,2024-10-16,LA,T,N,F
1447224,2024-02-24,MK,D,Y,L
1634460,2024-08-17,BH,D,N,F
328357,2024-04-11,SR,T,N,L
1268248,2024-08-10,TS,F,Y,F
1425828,2024-10-12,CA,S,Y,L
950731,2024-06-20,G,S,N,L
690544,2024-05-30,CA,S,Y,L
1125451,2024-08-03,LS,F,Y,F
1128672,2024-04-08,SL,D,Y,F
768004,2024-02-10,ST,D,N,L
570362,2024-01-05,E,F,Y,F
332522,2024-04-05,EX,D,Y,L
432659,2024-01-21,SN,T,N,L
612857,2024-01-24,SK,D,N,F
1178347,2024-06-09,AB,S,N,L
1427204,2024-06-22,HP,F,Y,F
679470,2024-08-04,PO,S,Y,F
644840,2024-01-27,BA,D,N,L
1281156,2024-03-21,IP,D,Y,L
287988,2024-08-16,PL,F,Y,F
1507154,2024-05-23,DG,S,N,L
1024826,2024-09-26,RH,D,Y,F
301420,2024-01-08,E,F,N,F
1560207,2024-01-23,IP,F,N,F
296876,2024-11-19,TQ,D,Y,L
1185872,2024-12-28,WR,S,N,F
178358,2024-11-26,PO,S,N,F
1397114,2024-09-16,ZE,D,Y,L
778293,2024-05-09,EC,F,Y,L
1231404,2024-06-19,WR,T,Y,F
488574,2024-09-11,DG,T,Y,L
528548,2024-10-02,WS,S,Y,F
702594,2024-11-22,BN,S,Y,F
1638263,2024-05-30,IV,D,Y,F
1294029,2024-02-29,LE,S,N,F
1257398,2024-10-02,L,F,N,L
185470,2024-01-25,NE,F,Y,L
1399785,2024-06-02,SY,T,Y,L
1586492,2024-03-14,ZE,F,Y,F
932632,2024-09-14,TF,S,Y,F
1898459,2024-03-10,BH,T,N,L
1015338,2024-01-31,EN,F,N,L
381363,2024-10-31,OL,T,Y,L
1038491,2024-07-22,B,S,N,F
755043,2024-10-30,AB,S,N,F
828211,2024-06-26,WV,S,Y,F
823308,2024-12-14,TQ,T,N,F
1478314,2024-12-19,HD,S,N,L
1429642,2024-10-05,IM,F,Y,F
1988250,2024-11-11,DL,S,N,F
1394048,2024-08-19,PE,D,N,L
1525619,2024-02-07,LE,S,Y,F
1983552,2024-08-10,NG,F,N,L
897062,2024-07-09,DH,T,Y,F
1188197,2024-02-01,DD,T,Y,F
872566,2024-01-31,EN,D,N,F
830084,2024-11-15,KW,S,Y,F
321851,2024-08-16,TN,T,N,F
1041514,2024-01-29,DN,S,Y,F
1507720,2024-08-15,WA,D,Y,L
668303,2024-07-13,CT,S,N,F
532067,2024-12-05,DD,T,Y,L
765355,2024-09-03,HU,T,N,F
1418553,2024-12-14,LU,D,Y,L
193164,2024-01-25,KY,T,N,F
1478805,2024-07-28,NP,F,Y,F
1521681,2024-11-08,FY,S,Y,L
1089928,2024-04-26,EN,D,Y,L
371756,2024-07-15,BS,D,N,F
616008,2024-10-11,TA,S,Y,F
444188,2024-12-09,PH,S,Y,L
373447,2024-06-09,TA,D,N,L
1609362,2024-10-19,RH,D,Y,F
1549649,2024-08-25,WF,S,N,F
625519,2024-07-28,DD,F,Y,F
912421,2024-11-19,EX,F,Y,F
1700107,2024-07-25,DA,S,N,L
493269,2024-01-25,BD,T,N,L
1452223,2024-03-27,CO,D,N,L
893605,2024-02-19,HR,S,N,L
312005,2024-05-24,WD,T,N,F
1168317,2024-07-20,HU,D,Y,F
592180,2024-07-29,CB,D,N,L
1196456,2024-07-17,CA,F,N,L
1707603,2024-11-10,CA,S,N,L
1237771,2024-05-18,NN,D,N,L
635773,2024-05-10,S,F,N,F
1230725,2024-04-18,LN,S,Y,L
961523,2024-10-28,CV,T,N,F
685819,2024-05-12,DE,D,N,L
601658,2024-09-06,NE,T,N,L
1148800,2024-07-10,DL,T,N,F
1225118,2024-03-26,ST,S,N,L
595807,2024-06-09,SN,T,Y,F
1102218,2024-03-23,KW,T,Y,L
1262292,2024-12-03,LL,D,Y,L
1808319,2024-03-16,BR,D,Y,L
155933,2024-09-19,IM,F,N,L
1595013,2024-08-16,LU,S,N,L
1846965,2024-07-20,DE,S,N,L
1238916,2024-12-22,SE,S,Y,F
1571604,2024-11-02,CB,S,Y,L
566877,2024-05-22,BD,F,N,L
934870,2024-08-08,PE,T,Y,F
1117448,2024-12-19,EN,D,Y,L
341378,2024-06-05,AL,T,N,F
448588,2024-04-26,MK,S,Y,F
603630,2024-01-06,IV,S,Y,F
1560992,2024-09-25,DD,S,Y,L
998884,2024-08-04,TD,S,N,L
425346,2024-09-09,CH,T,N,F
923903,2024-03-25,EN,D,Y,L
388338,2024-11-19,RH,D,Y,L
1648319,2024-06-10,HG,S,N,F
1631750,2024-07-06,BD,S,Y,L
1189407,2024-09-26,IG,F,N,L
787982,2024-10-04,HP,D,Y,L
371660,2024-11-05,DL,S,N,F
1305756,2024-10-31,PH,S,Y,F
1913281,2024-05-03,NR,D,Y,L
1291697,2024-01-27,WS,S,N,F
1118676,2024-06-02,GU,F,Y,L
221689,2024-06-06,LD,T,Y,L
1108024,2024-05-28,JE,D,Y,L
104570,2024-02-16,LL,F,N,L
1426636,2024-03-21,E,D,Y,F
1528966,2024-05-03,WV,S,Y,F
1597191,2024-03-02,WN,D,N,F
1249808,2024-02-23,DN,F,N,L
1239169,2024-03-31,AL,F,N,F
722953,2024-12-25,DT,D,N,L
1558860,2024-12-21,WC,D,N,F
156708,2024-08-03,IM,T,Y,L
165748,2024-11-07,DH,T,N,F
1419425,2024-10-23,PH,S,N,L
245187,2024-06-24,CR,F,Y,F
644593,2024-07-09,TW,S,Y,L
1142376,2024-12-30,CA,T,Y,F
563178,2024-09-10,EN,S,N,F
431839,2024-09-07,BL,F,Y,L
762249,2024-03-03,SW,T,Y,F
1506628,2024-06-10,PL,F,N,L
144008,2024-09-04,TW,S,N,F
785448,2024-12-25,DD,T,N,F
185412,2024-05-07,B,D,N,L
212035,2024-02-20,SN,D,Y,F
179516,2024-02-07,B,F,Y,L
736682,2024-01-01,LN,T,Y,L
1695446,2024-04-19,PR,T,Y,F
1673543,2024-11-19,DG,T,N,L
1873198,2024-05-22,PR,D,N,L
1964998,2024-05-22,BS,F,N,F
1040126,2024-04-04,TR,S,N,F
1784655,2024-03-19,LL,T,Y,F
1872000,2024-05-02,GY,F,N,F
972480,2024-06-10,SE,S,N,L
503757,2024-04-01,SL,S,N,L
727193,2024-06-01,B,F,N,L
590627,2024-07-13,TR,S,N,F
841450,2024-01-06,WS,D,Y,F
841858,2024-07-02,NR,D,N,L
1383933,2024-04-07,WN,D,N,L
1976932,2024-06-21,S,D,Y,F
801706,2024-11-26,HP,S,Y,L
1966614,2024-06-07,LA,D,N,F
1858281,2024-07-03,MK,F,Y,L
695609,2024-01-09,SA,F,N,F
421187,2024-04-15,CM,F,Y,L
1737430,2024-04-25,IP,D,Y,F
1790813,2024-05-07,LL,F,N,L
719984,2024-02-15,BS,D,N,F
1101864,2024-12-10,NR,D,N,F
234578,2024-11-07,SM,T,Y,L
1149975,2024-03-02,PR,F,Y,L
1046829,2024-11-14,IV,F,N,F
469937,2024-11-28,LD,D,N,L
1497194,2024-10-23,HS,S,Y,F
797559,2024-04-18,BN,F,Y,F
703296,2024-10-22,AL,S,Y,L
1153673,2024-02-10,MK,S,N,F
567506,2024-04-29,BN,F,Y,L
1866602,2024-10-12,WV,S,N,L
393498,2024-12-18,CW,T,Y,F
858348,2024-11-05,KW,F,N,F
523258,2024-10-12,WA,F,Y,F
1342185,2024-03-27,PL,D,Y,F
302910,2024-07-22,HP,D,N,L
1397325,2024-12-03,JE,T,N,F
1619275,2024-12-16,BR,D,Y,F
1782910,2024-02-07,G,F,Y,F
1956443,2024-07-26,M,D,Y,F
1617919,2024-09-13,KY,F,Y,F
1395537,2024-02-22,UB,T,N,F
124905,2024-08-02,EN,S,Y,F
531135,2024-07-11,EN,F,Y,L
390468,2024-10-10,E,D,N,F
1272471,2024-01-20,TD,D,Y,L
212500,2024-06-11,EC,D,N,L
1389855,2024-04-03,B,D,Y,F
259397,2024-12-15,WR,T,Y,L
793354,2024-11-25,WV,F,Y,L
825780,2024-09-15,TA,S,N,F
1858629,2024-11-12,ST,F,N,F
1791236,2024-01-20,TA,T,Y,L
1091355,2024-02-26,SY,T,Y,L
1473152,2024-12-19,NW,S,N,F
1299177,2024-03-30,KA,D,Y,F
1469031,2024-11-04,HX,D,Y,L
119758,2024-05-10,HU,T,Y,L
512110,2024-10-03,RH,S,N,L
1619936,2024-08-18,EX,D,N,F
1368886,2024-07-06,SA,F,N,F
705979,2024-10-16,G,D,Y,F
446763,2024-12-26,IG,S,N,L
728358,2024-04-26,SW,S,N,F
776510,2024-06-09,BR,S,N,L
893523,2024-01-12,E,S,N,L
233668,2024-11-21,KY,D,Y,L
1926812,2024-08-10,EH,D,Y,L
867644,2024-09-22,HA,T,Y,L
1411773,2024-09-24,DA,D,Y,F
1689292,2024-10-27,AB,T,N,F
1671264,2024-01-27,SG,F,Y,F
914790,2024-12-19,EH,D,Y,F
1810954,2024-11-11,OX,F,Y,L
1543818,2024-10-24,SK,S,N,F
1786911,2024-07-13,RG,F,Y,F
548690,2024-08-23,GY,D,N,L
650056,2024-05-29,LN,T,Y,L
799951,2024-07-26,SG,F,Y,L
1020108,2024-05-22,RM,F,N,F
1081377,2024-06-30,FK,S,N,L
194776,2024-05-29,GL,T,N,L
1348817,2024-07-05,DT,F,Y,L
1630312,2024-12-19,SG,S,Y,L
993269,2024-08-30,B,D,N,L
1499851,2024-09-22,RH,S,N,F
1113708,2024-01-06,DA,S,Y,L
708498,2024-07-08,PO,T,N,F
1997160,2024-08-14,HP,D,Y,F
356675,2024-10-19,IG,T,Y,F
313965,2024-03-27,IG,T,N,L
1545147,2024-08-26,JE,S,Y,F
1305709,2024-12-19,IG,D,N,F
1759405,2024-03-27,ML,D,Y,F
1708062,2024-01-14,IP,T,Y,L
1787523,2024-12-05,SN,D,Y,F
472996,2024-01-27,CF,S,N,F
487005,2024-07-03,RH,D,Y,L
635158,2024-02-14,UB,F,Y,F
1270409,2024-01-19,B,D,Y,L
1807340,2024-01-13,GU,T,Y,L
893330,2024-12-09,FK,D,Y,L
529199,2024-03-11,GL,D,N,L
1277123,2024-01-31,SY,F,Y,F
785803,2024-11-11,SS,F,N,L
957839,2024-05-05,LS,S,N,L
518949,2024-01-26,TN,D,N,L
1954313,2024-04-22,MK,T,N,F
1608952,2024-04-09,FY,T,N,F
202116,2024-07-30,B,S,Y,L
591908,2024-08-21,SO,T,Y,F
1298804,2024-01-23,GU,S,Y,L
1849132,2024-05-10,OL,F,Y,L
1881774,2024-12-20,DN,T,N,L
805053,2024-07-27,NR,D,Y,F
1281415,2024-12-27,SP,D,Y,F
781283,2024-06-23,GL,S,Y,F
993836,2024-03-10,NW,F,Y,L
813980,2024-01-20,IG,S,Y,F
1806264,2024-05-26,CB,D,Y,F
1096733,2024-09-08,OX,F,N,L
1976044,2024-11-08,WR,T,N,L
1465503,2024-07-07,CV,F,Y,L
1370852,2024-09-13,W,S,Y,L
482503,2024-03-27,TW,D,Y,F
1251135,2024-02-22,NE,T,N,F
188690,2024-01-13,FY,S,Y,L
658463,2024-11-29,SW,D,Y,F
590743,2024-05-28,SA,T,N,F
1517952,2024-08-16,UB,T,Y,L
1819339,2024-05-07,IM,D,N,L
755978,2024-01-06,WF,S,N,F
976304,2024-07-24,DA,F,Y,L
166216,2024-04-11,RG,F,N,L
429648,2024-11-23,KT,T,N,L
1465245,2024-01-08,IM,D,Y,L
810849,2024-08-12,SO,F,N,F
1669245,2024-05-15,LL,S,Y,L
1068327,2024-07-28,SP,D,Y,F
1640724,2024-11-19,DD,F,N,F
517745,2024-03-27,HR,S,N,L
1364564,2024-03-04,CR,F,Y,F
1124232,2024-07-04,NE,F,Y,F
1712610,2024-12-30,SA,S,N,L
1722431,2024-04-06,RM,D,N,F
1053360,2024-05-28,GU,T,Y,F
1329288,2024-09-30,BR,T,N,F
1221052,2024-08-01,JE,D,N,F
186912,2024-12-16,W,F,N,L
225865,2024-08-03,GU,F,Y,L
1400236,2024-07-31,DD,S,N,F
1318424,2024-09-09,KW,D,Y,L
1692264,2024-10-01,SO,D,N,F
1419197,2024-07-08,RM,S,Y,F
1636041,2024-05-18,WA,F,N,L
242808,2024-02-25,DN,F,N,L
1081350,2024-11-24,DT,D,Y,L
864226,2024-04-19,HX,S,N,F
174403,2024-09-20,AB,S,N,L
516988,2024-07-04,ME,F,Y,L
720282,2024-09-16,E,S,Y,F
1410588,2024-05-11,TR,T,Y,L
1188655,2024-01-31,SW,F,N,L
1512916,2024-10-13,KA,T,Y,F
149060,2024-10-12,NW,D,N,L
569152,2024-08-23,JE,D,N,L
1874994,2024-02-15,LN,D,Y,L
1055372,2024-09-19,N,S,N,L
1149201,2024-08-20,CF,S,Y,F
1860359,2024-01-24,IM,D,N,F
1271905,2024-07-30,LA,F,Y,F
1140258,2024-03-27,AL,D,Y,F
1732972,2024-04-14,DN,D,N,F
1961748,2024-11-23,BD,S,N,L
1038245,2024-04-16,B,T,Y,F
151481,2024-09-12,PA,T,N,L
1088555,2024-03-16,E,T,N,F
1423932,2024-07-21,HS,D,Y,L
878647,2024-07-01,NN,T,N,L
1231434,2024-07-09,DH,T,N,F
950529,2024-03-19,M,D,N,F
1805305,2024-11-06,DH,S,Y,L
1403663,2024-09-05,RH,S,N,F
1855510,2024-05-28,MK,T,N,L
834484,2024-07-01,KA,S,Y,L
535591,2024-07-11,DH,D,N,F
1123841,2024-01-30,LE,S,N,L
708674,2024-12-31,EX,D,Y,L
797907,2024-03-17,KY,T,N,F
1463860,2024-12-22,ME,F,N,F
1692451,2024-03-01,SG,F,Y,L
1696722,2024-06-08,MK,T,Y,L
565335,2024-01-18,TD,D,N,F
1880828,2024-07-18,SS,D,Y,F
1024221,2024-08-18,SS,D,N,L
397295,2024-11-27,MK,F,N,F
993922,2024-04-05,DN,S,N,F
1788945,2024-03-31,DG,D,N,F
280525,2024-01-12,LA,F,Y,L
403520,2024-11-04,DD,T,Y,F
362371,2024-05-17,LL,F,N,F
739980,2024-01-16,SY,S,Y,F
1570982,2024-07-01,BT,F,Y,L
277675,2024-04-09,WN,S,N,F
1759489,2024-12-20,EX,D,N,L
1615608,2024-09-28,LS,D,N,L
106965,2024-05-16,SL,F,Y,L
282611,2024-10-16,CB,F,Y,L
1670763,2024-04-12,KW,D,N,F
692087,2024-04-03,NW,T,Y,F
813322,2024-07-07,CB,F,Y,F
1995587,2024-10-05,TD,S,Y,L
1437820,2024-05-17,OL,F,N,F
1049117,2024-11-18,CR,S,Y,L
1867506,2024-09-01,SS,D,Y,F
1373639,2024-08-16,AL,S,Y,L
923070,2024-05-19,RH,S,Y,L
1250826,2024-09-12,TW,F,N,L
1822608,2024-11-04,TR,F,N,F
747428,2024-09-08,UB,F,Y,F
1769365,2024-04-09,HG,F,N,L
782078,2024-02-04,NN,F,N,F
1399769,2024-03-02,HX,F,N,L
1047307,2024-07-12,CF,T,Y,L
982264,2024-08-07,CV,T,Y,F
1513831,2024-01-20,DT,F,Y,L
1527103,2024-07-28,AB,D,Y,L
1788851,2024-01-18,NG,D,N,L
1104880,2024-11-07,WD,T,Y,F
466229,2024-06-17,N,S,Y,F
775276,2024-10-27,NG,S,Y,L
1627211,2024-03-18,WD,D,N,F
829363,2024-08-02,G,T,Y,F
964518,2024-01-27,LN,F,Y,F
1351474,2024-07-02,NG,T,Y,F
1029084,2024-08-10,WF,S,N,F
1050786,2024-04-07,OL,T,Y,L
215156,2024-06-26,SM,F,N,L
738838,2024-07-09,EN,F,Y,F
1569247,2024-08-30,ZE,F,N,L
1404877,2024-09-04,HS,T,N,F
1128998,2024-10-04,NE,T,N,L
1504516,2024-03-20,TS,S,N,L
369596,2024-02-05,WN,S,N,L
123045,2024-02-09,DE,S,N,F
